{
  "announcements": [
    {
      "idAnnouncement": 1,
      "type": "OFFER",
      "idVehicle": "93cbf6d5-1c68-11ea-1",
      "idUser": 1,
      "beginningdateHour": null,
      "baggage": 22,
      "amountSeats": 3,
      "origin": {
        "lat": 38.75532,
        "long": -9.14217,
        "name": "R. Acácio de Paiva 15A, 1700-003 Lisboa"
      },
      "destination": {
        "lat": 38.7571,
        "long": -9.11634,
        "name": "Rua Conselheiro Emídio Navarro, 1950-063 Lisboa"
      },
      "waypoints": [],
      "amountPets": 1
    },
    {
      "idAnnouncement": 2,
      "type": "OFFER",
      "idVehicle": "93cbf6d5-1c68-11ea-2",
      "idUser": 2,
      "beginningdateHour": null,
      "baggage": 22,
      "amountSeats": 3,
      "origin": {
        "lat": 38.75928,
        "long": -9.10535,
        "name": "Rua de Vila Fontes 2, 1800-356 Lisboa"
      },
      "destination": {
        "lat": 38.75698,
        "long": -9.1164,
        "name": "Rua Conselheiro Emídio Navarro, 1950-063 Lisboa"
      },
      "waypoints": [],
      "amountPets": 1
    },
    {
      "idAnnouncement": 3,
      "type": "OFFER",
      "idVehicle": "93cbf6d5-1c68-11ea-3",
      "idUser": 3,
      "beginningdateHour": null,
      "baggage": 22,
      "amountSeats": 3,
      "origin": {
        "lat": 38.77967,
        "long": -9.10294,
        "name": "R. Arminda Gomes de Carvalho 6, 1885-021 Moscavide"
      },
      "destination": {
        "lat": 38.75706,
        "long": -9.11636,
        "name": "Rua Conselheiro Emídio Navarro, 1950-063 Lisboa"
      },
      "waypoints": [],
      "amountPets": 1
    },
    {
      "idAnnouncement": 4,
      "type": "OFFER",
      "idVehicle": "93cbf6d5-1c68-11ea-4",
      "idUser": 4,
      "beginningdateHour": null,
      "baggage": 22,
      "amountSeats": 3,
      "origin": {
        "lat": 38.73746,
        "long": -9.21006,
        "name": "R. Cerrado do Zambujeiro 26-28, Amadora"
      },
      "destination": {
        "lat": 38.75699,
        "long": -9.1164,
        "name": "Rua Conselheiro Emídio Navarro, 1950-063 Lisboa"
      },
      "waypoints": [],
      "amountPets": 1
    },
    {
      "idAnnouncement": 5,
      "type": "OFFER",
      "idVehicle": "93cbf6d5-1c68-11ea-5",
      "idUser": 5,
      "beginningdateHour": null,
      "baggage": 22,
      "amountSeats": 3,
      "origin": {
        "lat": 38.76006,
        "long": -9.18593,
        "name": "Largo Pimenteiras 7, 1600-576 Lisboa"
      },
      "destination": {
        "lat": 38.75707,
        "long": -9.11636,
        "name": "Rua Conselheiro Emídio Navarro, 1950-063 Lisboa"
      },
      "waypoints": [],
      "amountPets": 1
    },
    {
      "idAnnouncement": 6,
      "type": "OFFER",
      "idVehicle": "93cbf6d5-1c68-11ea-1",
      "idUser": 1,
      "beginningdateHour": null,
      "baggage": 22,
      "amountSeats": 3,
      "origin": {
        "lat": 38.760545,
        "long": -9.095017,
        "name": "R. Pedro e Inês 1B, 1990-239 Lisboa"
      },
      "destination": {
        "lat": 38.752503,
        "long": -9.157419,
        "name": "Alameda da Universidade, Lisboa"
      },
      "waypoints": [],
      "amountPets": 1
    }
  ]
}
