{
  "login": [
    {
      "email": "johnDoe_1236@hotmail.com",
      "password": "john123",
      "idUser": "1"
    },
    {
      "email": "a45085@alunos.isel.pt",
      "password": "a45085",
      "idUser": "2"
    },
    {
      "email": "a45083@alunos.isel.pt",
      "password": "a45083",
      "idUser": "3"
    },
    {
      "email": "tonnyReal@hotmail.com",
      "password": "real",
      "idUser": "4"
    }
  ],
  "users": [
    {
      "idUser": 1,
      "userName": "luciRor",
      "firstName": "John",
      "lastName": "Smith",
      "birthDate": "1995-12-21",
      "userPhoto": "../assets/johnDoe.jpg",
      "prestige": { "points": 150, "credits": 150, "level": "AMATEUR" },
      "documents": [
        {
          "type": "citizenCard",
          "documentNumber": 1234567,
          "expiryDate": "2022-03-01"
        },
        {
          "type": "driverLicense",
          "documentNumber": "L-12345678",
          "expiryDate": "2025-03-01"
        }
      ],
      "vehicles": [
        {
          "idVehicle": "93cbf6d5-1c68-11ea-1",
          "brand": "SEAT",
          "model": "ARONA",
          "enginePower": 2000,
          "engineType": "DIESEL",
          "amountSeats": 5,
          "photoVehicle": null,
          "color": "#000000",
          "registerDate": "2019-12-11",
          "vehicleType": "PASSENGERS",
          "beltforPets": true,
          "weight": 2000,
          "co2Emissions": 180,
          "vehiclePlate": "01-01-01",
          "nationalCategory": "B"
        },
        {
          "idVehicle": "93cbf6d5-1cde-2",
          "brand": "NISSAN",
          "model": "MICRA",
          "enginePower": 1500,
          "engineType": "DIESEL",
          "amountSeats": 5,
          "photoVehicle": "../assets/seat_arona.jpg",
          "color": "#111111",
          "registerDate": "2017-05-22",
          "vehicleType": "PASSENGERS",
          "beltforPets": false,
          "weight": 2200,
          "co2Emissions": 150,
          "vehiclePlate": "02-01-01",
          "nationalCategory": "B"
        }
      ],
      "pets": [
        {
          "breedPet": "Saint Bernard",
          "eletronicIdentifier": 1,
          "weight": 50,
          "size": 70,
          "photo": ""
        }
      ]
    },
    {
      "idUser": 2,
      "userName": "oneLor",
      "firstName": "Ana",
      "lastName": "Ferreira",
      "birthDate": "1999-09-19",
      "userPhoto": null,
      "prestige": { "points": 150, "credits": 150, "level": "PROFESSIONAL" },
      "documents": [
        {
          "type": "citizenCard",
          "documentNumber": 9101112,
          "expiryDate": "2032-09-06"
        },
        {
          "type": "driverLicense",
          "documentNumber": "L-91011121",
          "expiryDate": "2032-09-06"
        }
      ],
      "vehicles": [
        {
          "idVehicle": "93cbf6d5-1c68-11ea-2",
          "brand": "FIAT",
          "model": "500",
          "enginePower": 2000,
          "engineType": "DIESEL",
          "amountSeats": 5,
          "photoVehicle": null,
          "color": "#111111",
          "registerDate": "20-12-11",
          "vehicleType": "PASSENGERS",
          "beltforPets": true,
          "weight": 2000,
          "co2Emissions": 100,
          "vehiclePlate": "02-02-02",
          "nationalCategory": "B"
        }
      ],
      "pets": []
    },
    {
      "idUser": 3,
      "userName": "psuedoDrop",
      "firstName": "Miguel",
      "lastName": "Madeira",
      "birthDate": "1999-08-22",
      "userPhoto": null,
      "prestige": { "points": 100, "credits": 150, "level": "BEGGINER" },
      "documents": [
        {
          "type": "citizenCard",
          "documentNumber": 9101112,
          "expiryDate": "2032-09-06"
        }
      ],
      "vehicles": [{}],
      "pets": [{}]
    },
    {
      "idUser": 4,
      "userName": "totallyTo",
      "firstName": "Tonny",
      "lastName": "Real",
      "birthDate": "1989-02-01",
      "userPhoto": null,
      "prestige": { "points": 100, "credits": 150, "level": "BEGGINER" },
      "documents": [
        {
          "type": "citizenCard",
          "documentNumber": 9101112,
          "expiryDate": "2032-09-06"
        }
      ],
      "vehicles": [{}],
      "pets": [{}]
    }
  ]
}
